Category,Element_ID,Element_Name,Element_Group,Element_Status,Idea_ID,Idea_Title,Idea_Status,Prompts_Count,Level_10_Prompt_Status,Video_Package_Status,Task_Status,Attempt_Count,No_Retry_Lock,Next_Action
Impossible Giant Machine,1,Paddy / Rice Field,Agriculture,FILLED (10 Ideas Linked),1,Rice Titan Harvester,FILLED,20/20 (FILLED),READY (Level 10 Video Prompt Active),COMPLETED (MP4 + JSON Present),success,2,YES (LOCKED - NO RETRY),DONE & VERIFIED
Impossible Giant Machine,1,Paddy / Rice Field,Agriculture,FILLED (10 Ideas Linked),2,The Paddy Ocean Vacuum,FILLED,20/20 (FILLED),READY (Level 10 Video Prompt Active),COMPLETED (MP4 + JSON Present),success,2,YES (LOCKED - NO RETRY),DONE & VERIFIED
Impossible Giant Machine,1,Paddy / Rice Field,Agriculture,FILLED (10 Ideas Linked),3,Rice-Field Spider Colossus,FILLED,20/20 (FILLED),READY (Level 10 Video Prompt Active),COMPLETED (MP4 + JSON Present),pending,0,YES (LOCKED - NO RETRY),DONE & VERIFIED
Impossible Giant Machine,1,Paddy / Rice Field,Agriculture,FILLED (10 Ideas Linked),4,The Monsoon Harvesting Ark,FILLED,20/20 (FILLED),READY (Level 10 Video Prompt Active),COMPLETED (MP4 + JSON Present),pending,0,YES (LOCKED - NO RETRY),DONE & VERIFIED
Impossible Giant Machine,1,Paddy / Rice Field,Agriculture,FILLED (10 Ideas Linked),5,Paddy Ring Megaharvester,FILLED,20/20 (FILLED),READY (Level 10 Video Prompt Active),COMPLETED (MP4 + JSON Present),pending,0,YES (LOCKED - NO RETRY),DONE & VERIFIED
Impossible Giant Machine,1,Paddy / Rice Field,Agriculture,FILLED (10 Ideas Linked),6,Sky Reaper Rice Fortress,FILLED,20/20 (FILLED),READY (Level 10 Video Prompt Active),COMPLETED (MP4 + JSON Present),pending,0,YES (LOCKED - NO RETRY),DONE & VERIFIED
Impossible Giant Machine,1,Paddy / Rice Field,Agriculture,FILLED (10 Ideas Linked),7,The Rice Comb Superstructure,FILLED,20/20 (FILLED),READY (Level 10 Video Prompt Active),COMPLETED (MP4 + JSON Present),pending,0,YES (LOCKED - NO RETRY),DONE & VERIFIED
Impossible Giant Machine,1,Paddy / Rice Field,Agriculture,FILLED (10 Ideas Linked),8,Paddy-Gulping Harvest Worm,FILLED,20/20 (FILLED),READY (Level 10 Video Prompt Active),COMPLETED (MP4 + JSON Present),pending,0,YES (LOCKED - NO RETRY),DONE & VERIFIED
Impossible Giant Machine,1,Paddy / Rice Field,Agriculture,FILLED (10 Ideas Linked),9,Rice Moon Harvester,FILLED,0/20 (BLANK),BLANK (Needs 1-10 Escalation),COMPLETED (MP4 + JSON Present),pending,0,YES (LOCKED - NO RETRY),DONE & VERIFIED
Impossible Giant Machine,1,Paddy / Rice Field,Agriculture,FILLED (10 Ideas Linked),10,The Infinite Rice Factory,FILLED,0/20 (BLANK),BLANK (Needs 1-10 Escalation),COMPLETED (MP4 + JSON Present),pending,0,YES (LOCKED - NO RETRY),DONE & VERIFIED
Impossible Giant Machine,2,Forest,Nature,FILLED (1/1),[BLANK - Pending Ideas],[BLANK - Needs 10 Ideas],BLANK (0/10),0/20 [BLANK],BLANK,BLANK,PENDING_IDEAS,0,NO,Run Idea Generator to fill 10 Ideas
Impossible Giant Machine,3,Giant Tree,Nature,FILLED (1/1),[BLANK - Pending Ideas],[BLANK - Needs 10 Ideas],BLANK (0/10),0/20 [BLANK],BLANK,BLANK,PENDING_IDEAS,0,NO,Run Idea Generator to fill 10 Ideas
Impossible Giant Machine,4,Palm Tree,Nature,FILLED (1/1),[BLANK - Pending Ideas],[BLANK - Needs 10 Ideas],BLANK (0/10),0/20 [BLANK],BLANK,BLANK,PENDING_IDEAS,0,NO,Run Idea Generator to fill 10 Ideas
Impossible Giant Machine,5,Bamboo Forest,Nature,FILLED (1/1),[BLANK - Pending Ideas],[BLANK - Needs 10 Ideas],BLANK (0/10),0/20 [BLANK],BLANK,BLANK,PENDING_IDEAS,0,NO,Run Idea Generator to fill 10 Ideas
Impossible Giant Machine,6,Corn Field,Agriculture,FILLED (10 Ideas Linked),23,Colossal Corn Thresher Titan,FILLED,20/20 (FILLED),READY (Level 10 Video Prompt Active),READY_FOR_PACKAGING,NOT_STARTED,0,NO,Run Video Packager
Impossible Giant Machine,6,Corn Field,Agriculture,FILLED (10 Ideas Linked),24,The Solar Corn Silo Walker,FILLED,0/20 (BLANK),BLANK (Needs 1-10 Escalation),BLANK,NOT_STARTED,0,NO,Run Prompt Escalation Fillup
Impossible Giant Machine,6,Corn Field,Agriculture,FILLED (10 Ideas Linked),25,The Corn Field Titan Megastructure #3,FILLED,0/20 (BLANK),BLANK (Needs 1-10 Escalation),BLANK,NOT_STARTED,0,NO,Run Prompt Escalation Fillup
Impossible Giant Machine,6,Corn Field,Agriculture,FILLED (10 Ideas Linked),26,The Corn Field Titan Megastructure #4,FILLED,0/20 (BLANK),BLANK (Needs 1-10 Escalation),BLANK,NOT_STARTED,0,NO,Run Prompt Escalation Fillup
Impossible Giant Machine,6,Corn Field,Agriculture,FILLED (10 Ideas Linked),27,The Corn Field Titan Megastructure #5,FILLED,0/20 (BLANK),BLANK (Needs 1-10 Escalation),BLANK,NOT_STARTED,0,NO,Run Prompt Escalation Fillup
Impossible Giant Machine,6,Corn Field,Agriculture,FILLED (10 Ideas Linked),28,The Corn Field Titan Megastructure #6,FILLED,0/20 (BLANK),BLANK (Needs 1-10 Escalation),BLANK,NOT_STARTED,0,NO,Run Prompt Escalation Fillup
Impossible Giant Machine,6,Corn Field,Agriculture,FILLED (10 Ideas Linked),29,The Corn Field Titan Megastructure #7,FILLED,0/20 (BLANK),BLANK (Needs 1-10 Escalation),BLANK,NOT_STARTED,0,NO,Run Prompt Escalation Fillup
Impossible Giant Machine,6,Corn Field,Agriculture,FILLED (10 Ideas Linked),30,The Corn Field Titan Megastructure #8,FILLED,0/20 (BLANK),BLANK (Needs 1-10 Escalation),BLANK,NOT_STARTED,0,NO,Run Prompt Escalation Fillup
Impossible Giant Machine,6,Corn Field,Agriculture,FILLED (10 Ideas Linked),31,The Corn Field Titan Megastructure #9,FILLED,0/20 (BLANK),BLANK (Needs 1-10 Escalation),BLANK,NOT_STARTED,0,NO,Run Prompt Escalation Fillup
Impossible Giant Machine,6,Corn Field,Agriculture,FILLED (10 Ideas Linked),32,The Corn Field Titan Megastructure #10,FILLED,0/20 (BLANK),BLANK (Needs 1-10 Escalation),BLANK,NOT_STARTED,0,NO,Run Prompt Escalation Fillup
Impossible Giant Machine,7,Wheat Field,Agriculture,FILLED (12 Ideas Linked),11,Colossal Wheat Combine Titan,FILLED,20/20 (FILLED),READY (Level 10 Video Prompt Active),COMPLETED (MP4 + JSON Present),success,1,YES (LOCKED - NO RETRY),DONE & VERIFIED
Impossible Giant Machine,7,Wheat Field,Agriculture,FILLED (12 Ideas Linked),12,The Solar Wheat Sifter,FILLED,20/20 (FILLED),READY (Level 10 Video Prompt Active),COMPLETED (MP4 + JSON Present),success,1,YES (LOCKED - NO RETRY),DONE & VERIFIED
Impossible Giant Machine,7,Wheat Field,Agriculture,FILLED (12 Ideas Linked),13,The Wheat Ocean Harvester,FILLED,20/20 (FILLED),READY (Level 10 Video Prompt Active),READY_FOR_PACKAGING,NOT_STARTED,0,NO,Run Video Packager
Impossible Giant Machine,7,Wheat Field,Agriculture,FILLED (12 Ideas Linked),14,Titan Sunwheel Irrigator,FILLED,0/20 (BLANK),BLANK (Needs 1-10 Escalation),BLANK,NOT_STARTED,0,NO,Run Prompt Escalation Fillup
Impossible Giant Machine,7,Wheat Field,Agriculture,FILLED (12 Ideas Linked),15,Wheat Field Weather Engine,FILLED,0/20 (BLANK),BLANK (Needs 1-10 Escalation),BLANK,NOT_STARTED,0,NO,Run Prompt Escalation Fillup
Impossible Giant Machine,7,Wheat Field,Agriculture,FILLED (12 Ideas Linked),16,The Infinite Furrow Walker,FILLED,0/20 (BLANK),BLANK (Needs 1-10 Escalation),BLANK,NOT_STARTED,0,NO,Run Prompt Escalation Fillup
Impossible Giant Machine,7,Wheat Field,Agriculture,FILLED (12 Ideas Linked),17,Golden Grain Conveyor City,FILLED,0/20 (BLANK),BLANK (Needs 1-10 Escalation),BLANK,NOT_STARTED,0,NO,Run Prompt Escalation Fillup
Impossible Giant Machine,7,Wheat Field,Agriculture,FILLED (12 Ideas Linked),18,Wheatfield Solar Crown,FILLED,0/20 (BLANK),BLANK (Needs 1-10 Escalation),BLANK,NOT_STARTED,0,NO,Run Prompt Escalation Fillup
Impossible Giant Machine,7,Wheat Field,Agriculture,FILLED (12 Ideas Linked),19,The Root Network Excavator,FILLED,0/20 (BLANK),BLANK (Needs 1-10 Escalation),BLANK,NOT_STARTED,0,NO,Run Prompt Escalation Fillup
Impossible Giant Machine,7,Wheat Field,Agriculture,FILLED (12 Ideas Linked),20,Wheat Sentinel Colossus,FILLED,0/20 (BLANK),BLANK (Needs 1-10 Escalation),BLANK,NOT_STARTED,0,NO,Run Prompt Escalation Fillup
Impossible Giant Machine,7,Wheat Field,Agriculture,FILLED (12 Ideas Linked),21,The Atmospheric Grain Elevator,FILLED,0/20 (BLANK),BLANK (Needs 1-10 Escalation),BLANK,NOT_STARTED,0,NO,Run Prompt Escalation Fillup
Impossible Giant Machine,7,Wheat Field,Agriculture,FILLED (12 Ideas Linked),22,Chrono-Harvest Megamachine,FILLED,0/20 (BLANK),BLANK (Needs 1-10 Escalation),BLANK,NOT_STARTED,0,NO,Run Prompt Escalation Fillup
Impossible Giant Machine,8,Tea Garden,Agriculture,FILLED (1/1),[BLANK - Pending Ideas],[BLANK - Needs 10 Ideas],BLANK (0/10),0/20 [BLANK],BLANK,BLANK,PENDING_IDEAS,0,NO,Run Idea Generator to fill 10 Ideas
Impossible Giant Machine,9,Banana Plantation,Agriculture,FILLED (1/1),[BLANK - Pending Ideas],[BLANK - Needs 10 Ideas],BLANK (0/10),0/20 [BLANK],BLANK,BLANK,PENDING_IDEAS,0,NO,Run Idea Generator to fill 10 Ideas
Impossible Giant Machine,10,Apple Orchard,Agriculture,FILLED (1/1),[BLANK - Pending Ideas],[BLANK - Needs 10 Ideas],BLANK (0/10),0/20 [BLANK],BLANK,BLANK,PENDING_IDEAS,0,NO,Run Idea Generator to fill 10 Ideas
Impossible Giant Machine,11,Sunflower Field,Agriculture,FILLED (1/1),[BLANK - Pending Ideas],[BLANK - Needs 10 Ideas],BLANK (0/10),0/20 [BLANK],BLANK,BLANK,PENDING_IDEAS,0,NO,Run Idea Generator to fill 10 Ideas
Impossible Giant Machine,12,Grassland,Nature,FILLED (1/1),[BLANK - Pending Ideas],[BLANK - Needs 10 Ideas],BLANK (0/10),0/20 [BLANK],BLANK,BLANK,PENDING_IDEAS,0,NO,Run Idea Generator to fill 10 Ideas
Impossible Giant Machine,13,Desert,Environment,FILLED (1/1),[BLANK - Pending Ideas],[BLANK - Needs 10 Ideas],BLANK (0/10),0/20 [BLANK],BLANK,BLANK,PENDING_IDEAS,0,NO,Run Idea Generator to fill 10 Ideas
Impossible Giant Machine,14,Mountain,Environment,FILLED (1/1),[BLANK - Pending Ideas],[BLANK - Needs 10 Ideas],BLANK (0/10),0/20 [BLANK],BLANK,BLANK,PENDING_IDEAS,0,NO,Run Idea Generator to fill 10 Ideas
Impossible Giant Machine,15,Glacier,Environment,FILLED (1/1),[BLANK - Pending Ideas],[BLANK - Needs 10 Ideas],BLANK (0/10),0/20 [BLANK],BLANK,BLANK,PENDING_IDEAS,0,NO,Run Idea Generator to fill 10 Ideas
Impossible Giant Machine,16,Snowfield,Environment,FILLED (1/1),[BLANK - Pending Ideas],[BLANK - Needs 10 Ideas],BLANK (0/10),0/20 [BLANK],BLANK,BLANK,PENDING_IDEAS,0,NO,Run Idea Generator to fill 10 Ideas
Impossible Giant Machine,17,Volcano,Environment,FILLED (1/1),[BLANK - Pending Ideas],[BLANK - Needs 10 Ideas],BLANK (0/10),0/20 [BLANK],BLANK,BLANK,PENDING_IDEAS,0,NO,Run Idea Generator to fill 10 Ideas
Impossible Giant Machine,18,Sand Dune,Environment,FILLED (1/1),[BLANK - Pending Ideas],[BLANK - Needs 10 Ideas],BLANK (0/10),0/20 [BLANK],BLANK,BLANK,PENDING_IDEAS,0,NO,Run Idea Generator to fill 10 Ideas
Impossible Giant Machine,19,Island,Environment,FILLED (1/1),[BLANK - Pending Ideas],[BLANK - Needs 10 Ideas],BLANK (0/10),0/20 [BLANK],BLANK,BLANK,PENDING_IDEAS,0,NO,Run Idea Generator to fill 10 Ideas
Impossible Giant Machine,20,Ocean,Environment,FILLED (1/1),[BLANK - Pending Ideas],[BLANK - Needs 10 Ideas],BLANK (0/10),0/20 [BLANK],BLANK,BLANK,PENDING_IDEAS,0,NO,Run Idea Generator to fill 10 Ideas
Impossible Giant Machine,21,River,Environment,FILLED (1/1),[BLANK - Pending Ideas],[BLANK - Needs 10 Ideas],BLANK (0/10),0/20 [BLANK],BLANK,BLANK,PENDING_IDEAS,0,NO,Run Idea Generator to fill 10 Ideas
Impossible Giant Machine,22,Waterfall,Environment,FILLED (1/1),[BLANK - Pending Ideas],[BLANK - Needs 10 Ideas],BLANK (0/10),0/20 [BLANK],BLANK,BLANK,PENDING_IDEAS,0,NO,Run Idea Generator to fill 10 Ideas
Impossible Giant Machine,23,Swamp,Environment,FILLED (1/1),[BLANK - Pending Ideas],[BLANK - Needs 10 Ideas],BLANK (0/10),0/20 [BLANK],BLANK,BLANK,PENDING_IDEAS,0,NO,Run Idea Generator to fill 10 Ideas
Impossible Giant Machine,24,Rock Field,Environment,FILLED (1/1),[BLANK - Pending Ideas],[BLANK - Needs 10 Ideas],BLANK (0/10),0/20 [BLANK],BLANK,BLANK,PENDING_IDEAS,0,NO,Run Idea Generator to fill 10 Ideas
Impossible Giant Machine,25,Cave,Environment,FILLED (1/1),[BLANK - Pending Ideas],[BLANK - Needs 10 Ideas],BLANK (0/10),0/20 [BLANK],BLANK,BLANK,PENDING_IDEAS,0,NO,Run Idea Generator to fill 10 Ideas
Impossible Giant Machine,26,City,Infrastructure,FILLED (1/1),[BLANK - Pending Ideas],[BLANK - Needs 10 Ideas],BLANK (0/10),0/20 [BLANK],BLANK,BLANK,PENDING_IDEAS,0,NO,Run Idea Generator to fill 10 Ideas
Impossible Giant Machine,27,Skyscraper,Infrastructure,FILLED (1/1),[BLANK - Pending Ideas],[BLANK - Needs 10 Ideas],BLANK (0/10),0/20 [BLANK],BLANK,BLANK,PENDING_IDEAS,0,NO,Run Idea Generator to fill 10 Ideas
Impossible Giant Machine,28,Village,Infrastructure,FILLED (1/1),[BLANK - Pending Ideas],[BLANK - Needs 10 Ideas],BLANK (0/10),0/20 [BLANK],BLANK,BLANK,PENDING_IDEAS,0,NO,Run Idea Generator to fill 10 Ideas
Impossible Giant Machine,29,Highway,Infrastructure,FILLED (1/1),[BLANK - Pending Ideas],[BLANK - Needs 10 Ideas],BLANK (0/10),0/20 [BLANK],BLANK,BLANK,PENDING_IDEAS,0,NO,Run Idea Generator to fill 10 Ideas
Impossible Giant Machine,30,Railway,Infrastructure,FILLED (1/1),[BLANK - Pending Ideas],[BLANK - Needs 10 Ideas],BLANK (0/10),0/20 [BLANK],BLANK,BLANK,PENDING_IDEAS,0,NO,Run Idea Generator to fill 10 Ideas
Impossible Giant Machine,31,Bridge,Infrastructure,FILLED (1/1),[BLANK - Pending Ideas],[BLANK - Needs 10 Ideas],BLANK (0/10),0/20 [BLANK],BLANK,BLANK,PENDING_IDEAS,0,NO,Run Idea Generator to fill 10 Ideas
Impossible Giant Machine,32,Ship,Vehicle,FILLED (1/1),[BLANK - Pending Ideas],[BLANK - Needs 10 Ideas],BLANK (0/10),0/20 [BLANK],BLANK,BLANK,PENDING_IDEAS,0,NO,Run Idea Generator to fill 10 Ideas
Impossible Giant Machine,33,Ferry,Vehicle,FILLED (1/1),[BLANK - Pending Ideas],[BLANK - Needs 10 Ideas],BLANK (0/10),0/20 [BLANK],BLANK,BLANK,PENDING_IDEAS,0,NO,Run Idea Generator to fill 10 Ideas
Impossible Giant Machine,34,Airplane,Vehicle,FILLED (1/1),[BLANK - Pending Ideas],[BLANK - Needs 10 Ideas],BLANK (0/10),0/20 [BLANK],BLANK,BLANK,PENDING_IDEAS,0,NO,Run Idea Generator to fill 10 Ideas
Impossible Giant Machine,35,Rocket,Vehicle,FILLED (1/1),[BLANK - Pending Ideas],[BLANK - Needs 10 Ideas],BLANK (0/10),0/20 [BLANK],BLANK,BLANK,PENDING_IDEAS,0,NO,Run Idea Generator to fill 10 Ideas
Impossible Giant Machine,36,Satellite,Space,FILLED (1/1),[BLANK - Pending Ideas],[BLANK - Needs 10 Ideas],BLANK (0/10),0/20 [BLANK],BLANK,BLANK,PENDING_IDEAS,0,NO,Run Idea Generator to fill 10 Ideas
Impossible Giant Machine,37,Space Station,Space,FILLED (1/1),[BLANK - Pending Ideas],[BLANK - Needs 10 Ideas],BLANK (0/10),0/20 [BLANK],BLANK,BLANK,PENDING_IDEAS,0,NO,Run Idea Generator to fill 10 Ideas
Impossible Giant Machine,38,Moon,Space,FILLED (1/1),[BLANK - Pending Ideas],[BLANK - Needs 10 Ideas],BLANK (0/10),0/20 [BLANK],BLANK,BLANK,PENDING_IDEAS,0,NO,Run Idea Generator to fill 10 Ideas
Impossible Giant Machine,39,Sun,Space,FILLED (1/1),[BLANK - Pending Ideas],[BLANK - Needs 10 Ideas],BLANK (0/10),0/20 [BLANK],BLANK,BLANK,PENDING_IDEAS,0,NO,Run Idea Generator to fill 10 Ideas
Impossible Giant Machine,40,Cloud,Weather,FILLED (1/1),[BLANK - Pending Ideas],[BLANK - Needs 10 Ideas],BLANK (0/10),0/20 [BLANK],BLANK,BLANK,PENDING_IDEAS,0,NO,Run Idea Generator to fill 10 Ideas
Impossible Giant Machine,41,Tornado,Weather,FILLED (1/1),[BLANK - Pending Ideas],[BLANK - Needs 10 Ideas],BLANK (0/10),0/20 [BLANK],BLANK,BLANK,PENDING_IDEAS,0,NO,Run Idea Generator to fill 10 Ideas
Impossible Giant Machine,42,Storm,Weather,FILLED (1/1),[BLANK - Pending Ideas],[BLANK - Needs 10 Ideas],BLANK (0/10),0/20 [BLANK],BLANK,BLANK,PENDING_IDEAS,0,NO,Run Idea Generator to fill 10 Ideas
Impossible Giant Machine,43,Rain,Weather,FILLED (1/1),[BLANK - Pending Ideas],[BLANK - Needs 10 Ideas],BLANK (0/10),0/20 [BLANK],BLANK,BLANK,PENDING_IDEAS,0,NO,Run Idea Generator to fill 10 Ideas
Impossible Giant Machine,44,Lightning,Weather,FILLED (1/1),[BLANK - Pending Ideas],[BLANK - Needs 10 Ideas],BLANK (0/10),0/20 [BLANK],BLANK,BLANK,PENDING_IDEAS,0,NO,Run Idea Generator to fill 10 Ideas
Impossible Giant Machine,45,Fire,Physics,FILLED (1/1),[BLANK - Pending Ideas],[BLANK - Needs 10 Ideas],BLANK (0/10),0/20 [BLANK],BLANK,BLANK,PENDING_IDEAS,0,NO,Run Idea Generator to fill 10 Ideas
Impossible Giant Machine,46,Tsunami,Weather,FILLED (1/1),[BLANK - Pending Ideas],[BLANK - Needs 10 Ideas],BLANK (0/10),0/20 [BLANK],BLANK,BLANK,PENDING_IDEAS,0,NO,Run Idea Generator to fill 10 Ideas
Impossible Giant Machine,47,Earth,Space,FILLED (1/1),[BLANK - Pending Ideas],[BLANK - Needs 10 Ideas],BLANK (0/10),0/20 [BLANK],BLANK,BLANK,PENDING_IDEAS,0,NO,Run Idea Generator to fill 10 Ideas
Impossible Giant Machine,48,Planet,Space,FILLED (1/1),[BLANK - Pending Ideas],[BLANK - Needs 10 Ideas],BLANK (0/10),0/20 [BLANK],BLANK,BLANK,PENDING_IDEAS,0,NO,Run Idea Generator to fill 10 Ideas
Impossible Giant Machine,49,Time,Physics,FILLED (1/1),[BLANK - Pending Ideas],[BLANK - Needs 10 Ideas],BLANK (0/10),0/20 [BLANK],BLANK,BLANK,PENDING_IDEAS,0,NO,Run Idea Generator to fill 10 Ideas
Impossible Giant Machine,50,Gravity,Physics,FILLED (1/1),[BLANK - Pending Ideas],[BLANK - Needs 10 Ideas],BLANK (0/10),0/20 [BLANK],BLANK,BLANK,PENDING_IDEAS,0,NO,Run Idea Generator to fill 10 Ideas
Impossible Giant Machine,51,Magnet,Physics,FILLED (1/1),[BLANK - Pending Ideas],[BLANK - Needs 10 Ideas],BLANK (0/10),0/20 [BLANK],BLANK,BLANK,PENDING_IDEAS,0,NO,Run Idea Generator to fill 10 Ideas
Impossible Giant Machine,52,Crystal,Materials,FILLED (1/1),[BLANK - Pending Ideas],[BLANK - Needs 10 Ideas],BLANK (0/10),0/20 [BLANK],BLANK,BLANK,PENDING_IDEAS,0,NO,Run Idea Generator to fill 10 Ideas
Impossible Giant Machine,53,DNA,Biology,FILLED (1/1),[BLANK - Pending Ideas],[BLANK - Needs 10 Ideas],BLANK (0/10),0/20 [BLANK],BLANK,BLANK,PENDING_IDEAS,0,NO,Run Idea Generator to fill 10 Ideas
Impossible Giant Machine,54,Microbe,Biology,FILLED (1/1),[BLANK - Pending Ideas],[BLANK - Needs 10 Ideas],BLANK (0/10),0/20 [BLANK],BLANK,BLANK,PENDING_IDEAS,0,NO,Run Idea Generator to fill 10 Ideas
Impossible Giant Machine,55,Ant Colony,Biology,FILLED (1/1),[BLANK - Pending Ideas],[BLANK - Needs 10 Ideas],BLANK (0/10),0/20 [BLANK],BLANK,BLANK,PENDING_IDEAS,0,NO,Run Idea Generator to fill 10 Ideas
Impossible Giant Machine,56,Bee Colony,Biology,FILLED (1/1),[BLANK - Pending Ideas],[BLANK - Needs 10 Ideas],BLANK (0/10),0/20 [BLANK],BLANK,BLANK,PENDING_IDEAS,0,NO,Run Idea Generator to fill 10 Ideas
Impossible Giant Machine,57,Insect Swarm,Biology,FILLED (1/1),[BLANK - Pending Ideas],[BLANK - Needs 10 Ideas],BLANK (0/10),0/20 [BLANK],BLANK,BLANK,PENDING_IDEAS,0,NO,Run Idea Generator to fill 10 Ideas
Impossible Giant Machine,58,Fish School,Biology,FILLED (1/1),[BLANK - Pending Ideas],[BLANK - Needs 10 Ideas],BLANK (0/10),0/20 [BLANK],BLANK,BLANK,PENDING_IDEAS,0,NO,Run Idea Generator to fill 10 Ideas
Impossible Giant Machine,59,Whale,Biology,FILLED (1/1),[BLANK - Pending Ideas],[BLANK - Needs 10 Ideas],BLANK (0/10),0/20 [BLANK],BLANK,BLANK,PENDING_IDEAS,0,NO,Run Idea Generator to fill 10 Ideas
Impossible Giant Machine,60,Elephant,Biology,FILLED (1/1),[BLANK - Pending Ideas],[BLANK - Needs 10 Ideas],BLANK (0/10),0/20 [BLANK],BLANK,BLANK,PENDING_IDEAS,0,NO,Run Idea Generator to fill 10 Ideas
Impossible Giant Machine,61,Termite Colony,Biology,FILLED (1/1),[BLANK - Pending Ideas],[BLANK - Needs 10 Ideas],BLANK (0/10),0/20 [BLANK],BLANK,BLANK,PENDING_IDEAS,0,NO,Run Idea Generator to fill 10 Ideas
Impossible Giant Machine,62,Spider Web,Biology,FILLED (1/1),[BLANK - Pending Ideas],[BLANK - Needs 10 Ideas],BLANK (0/10),0/20 [BLANK],BLANK,BLANK,PENDING_IDEAS,0,NO,Run Idea Generator to fill 10 Ideas
Impossible Giant Machine,63,Shell,Biology,FILLED (1/1),[BLANK - Pending Ideas],[BLANK - Needs 10 Ideas],BLANK (0/10),0/20 [BLANK],BLANK,BLANK,PENDING_IDEAS,0,NO,Run Idea Generator to fill 10 Ideas
Impossible Giant Machine,64,Bird Feather,Biology,FILLED (1/1),[BLANK - Pending Ideas],[BLANK - Needs 10 Ideas],BLANK (0/10),0/20 [BLANK],BLANK,BLANK,PENDING_IDEAS,0,NO,Run Idea Generator to fill 10 Ideas
Impossible Giant Machine,65,Snake,Biology,FILLED (1/1),[BLANK - Pending Ideas],[BLANK - Needs 10 Ideas],BLANK (0/10),0/20 [BLANK],BLANK,BLANK,PENDING_IDEAS,0,NO,Run Idea Generator to fill 10 Ideas
Impossible Giant Machine,66,Reptile,Biology,FILLED (1/1),[BLANK - Pending Ideas],[BLANK - Needs 10 Ideas],BLANK (0/10),0/20 [BLANK],BLANK,BLANK,PENDING_IDEAS,0,NO,Run Idea Generator to fill 10 Ideas
Impossible Giant Machine,67,Octopus,Biology,FILLED (1/1),[BLANK - Pending Ideas],[BLANK - Needs 10 Ideas],BLANK (0/10),0/20 [BLANK],BLANK,BLANK,PENDING_IDEAS,0,NO,Run Idea Generator to fill 10 Ideas
Impossible Giant Machine,68,Root System,Nature,FILLED (1/1),[BLANK - Pending Ideas],[BLANK - Needs 10 Ideas],BLANK (0/10),0/20 [BLANK],BLANK,BLANK,PENDING_IDEAS,0,NO,Run Idea Generator to fill 10 Ideas
Impossible Giant Machine,69,Mushroom Colony,Nature,FILLED (1/1),[BLANK - Pending Ideas],[BLANK - Needs 10 Ideas],BLANK (0/10),0/20 [BLANK],BLANK,BLANK,PENDING_IDEAS,0,NO,Run Idea Generator to fill 10 Ideas
Impossible Giant Machine,70,Coral Reef,Nature,FILLED (1/1),[BLANK - Pending Ideas],[BLANK - Needs 10 Ideas],BLANK (0/10),0/20 [BLANK],BLANK,BLANK,PENDING_IDEAS,0,NO,Run Idea Generator to fill 10 Ideas
Impossible Giant Machine,71,Iceberg,Environment,FILLED (1/1),[BLANK - Pending Ideas],[BLANK - Needs 10 Ideas],BLANK (0/10),0/20 [BLANK],BLANK,BLANK,PENDING_IDEAS,0,NO,Run Idea Generator to fill 10 Ideas
Impossible Giant Machine,72,Underwater City,Infrastructure,FILLED (1/1),[BLANK - Pending Ideas],[BLANK - Needs 10 Ideas],BLANK (0/10),0/20 [BLANK],BLANK,BLANK,PENDING_IDEAS,0,NO,Run Idea Generator to fill 10 Ideas
Impossible Giant Machine,73,Factory,Industry,FILLED (1/1),[BLANK - Pending Ideas],[BLANK - Needs 10 Ideas],BLANK (0/10),0/20 [BLANK],BLANK,BLANK,PENDING_IDEAS,0,NO,Run Idea Generator to fill 10 Ideas
Impossible Giant Machine,74,Gear System,Machine,FILLED (1/1),[BLANK - Pending Ideas],[BLANK - Needs 10 Ideas],BLANK (0/10),0/20 [BLANK],BLANK,BLANK,PENDING_IDEAS,0,NO,Run Idea Generator to fill 10 Ideas
Impossible Giant Machine,75,Construction Crane,Machine,FILLED (1/1),[BLANK - Pending Ideas],[BLANK - Needs 10 Ideas],BLANK (0/10),0/20 [BLANK],BLANK,BLANK,PENDING_IDEAS,0,NO,Run Idea Generator to fill 10 Ideas
Impossible Giant Machine,76,Mining System,Industry,FILLED (1/1),[BLANK - Pending Ideas],[BLANK - Needs 10 Ideas],BLANK (0/10),0/20 [BLANK],BLANK,BLANK,PENDING_IDEAS,0,NO,Run Idea Generator to fill 10 Ideas
Impossible Giant Machine,77,Oil Field,Industry,FILLED (1/1),[BLANK - Pending Ideas],[BLANK - Needs 10 Ideas],BLANK (0/10),0/20 [BLANK],BLANK,BLANK,PENDING_IDEAS,0,NO,Run Idea Generator to fill 10 Ideas
Impossible Giant Machine,78,Conveyor Belt,Machine,FILLED (1/1),[BLANK - Pending Ideas],[BLANK - Needs 10 Ideas],BLANK (0/10),0/20 [BLANK],BLANK,BLANK,PENDING_IDEAS,0,NO,Run Idea Generator to fill 10 Ideas
Impossible Giant Machine,79,Tractor,Vehicle,FILLED (1/1),[BLANK - Pending Ideas],[BLANK - Needs 10 Ideas],BLANK (0/10),0/20 [BLANK],BLANK,BLANK,PENDING_IDEAS,0,NO,Run Idea Generator to fill 10 Ideas
Impossible Giant Machine,80,Excavator,Vehicle,FILLED (1/1),[BLANK - Pending Ideas],[BLANK - Needs 10 Ideas],BLANK (0/10),0/20 [BLANK],BLANK,BLANK,PENDING_IDEAS,0,NO,Run Idea Generator to fill 10 Ideas
Impossible Giant Machine,81,Cargo Fleet,Vehicle,FILLED (1/1),[BLANK - Pending Ideas],[BLANK - Needs 10 Ideas],BLANK (0/10),0/20 [BLANK],BLANK,BLANK,PENDING_IDEAS,0,NO,Run Idea Generator to fill 10 Ideas
Impossible Giant Machine,82,Subway,Infrastructure,FILLED (1/1),[BLANK - Pending Ideas],[BLANK - Needs 10 Ideas],BLANK (0/10),0/20 [BLANK],BLANK,BLANK,PENDING_IDEAS,0,NO,Run Idea Generator to fill 10 Ideas
Impossible Giant Machine,83,Mega Construction Site,Infrastructure,FILLED (1/1),[BLANK - Pending Ideas],[BLANK - Needs 10 Ideas],BLANK (0/10),0/20 [BLANK],BLANK,BLANK,PENDING_IDEAS,0,NO,Run Idea Generator to fill 10 Ideas
Impossible Giant Machine,84,Tower,Infrastructure,FILLED (1/1),[BLANK - Pending Ideas],[BLANK - Needs 10 Ideas],BLANK (0/10),0/20 [BLANK],BLANK,BLANK,PENDING_IDEAS,0,NO,Run Idea Generator to fill 10 Ideas
Impossible Giant Machine,85,Fortress,Infrastructure,FILLED (1/1),[BLANK - Pending Ideas],[BLANK - Needs 10 Ideas],BLANK (0/10),0/20 [BLANK],BLANK,BLANK,PENDING_IDEAS,0,NO,Run Idea Generator to fill 10 Ideas
Impossible Giant Machine,86,Stadium,Infrastructure,FILLED (1/1),[BLANK - Pending Ideas],[BLANK - Needs 10 Ideas],BLANK (0/10),0/20 [BLANK],BLANK,BLANK,PENDING_IDEAS,0,NO,Run Idea Generator to fill 10 Ideas
Impossible Giant Machine,87,Giant Wheel,Machine,FILLED (1/1),[BLANK - Pending Ideas],[BLANK - Needs 10 Ideas],BLANK (0/10),0/20 [BLANK],BLANK,BLANK,PENDING_IDEAS,0,NO,Run Idea Generator to fill 10 Ideas
Impossible Giant Machine,88,Brick Wall,Materials,FILLED (1/1),[BLANK - Pending Ideas],[BLANK - Needs 10 Ideas],BLANK (0/10),0/20 [BLANK],BLANK,BLANK,PENDING_IDEAS,0,NO,Run Idea Generator to fill 10 Ideas
Impossible Giant Machine,89,Fabric / Textile,Materials,FILLED (1/1),[BLANK - Pending Ideas],[BLANK - Needs 10 Ideas],BLANK (0/10),0/20 [BLANK],BLANK,BLANK,PENDING_IDEAS,0,NO,Run Idea Generator to fill 10 Ideas
Impossible Giant Machine,90,Warehouse,Infrastructure,FILLED (1/1),[BLANK - Pending Ideas],[BLANK - Needs 10 Ideas],BLANK (0/10),0/20 [BLANK],BLANK,BLANK,PENDING_IDEAS,0,NO,Run Idea Generator to fill 10 Ideas
Impossible Giant Machine,91,Vault,Infrastructure,FILLED (1/1),[BLANK - Pending Ideas],[BLANK - Needs 10 Ideas],BLANK (0/10),0/20 [BLANK],BLANK,BLANK,PENDING_IDEAS,0,NO,Run Idea Generator to fill 10 Ideas
Impossible Giant Machine,92,Energy Grid,Tech,FILLED (1/1),[BLANK - Pending Ideas],[BLANK - Needs 10 Ideas],BLANK (0/10),0/20 [BLANK],BLANK,BLANK,PENDING_IDEAS,0,NO,Run Idea Generator to fill 10 Ideas
Impossible Giant Machine,93,Reactor,Tech,FILLED (1/1),[BLANK - Pending Ideas],[BLANK - Needs 10 Ideas],BLANK (0/10),0/20 [BLANK],BLANK,BLANK,PENDING_IDEAS,0,NO,Run Idea Generator to fill 10 Ideas
Impossible Giant Machine,94,Solar Farm,Energy,FILLED (1/1),[BLANK - Pending Ideas],[BLANK - Needs 10 Ideas],BLANK (0/10),0/20 [BLANK],BLANK,BLANK,PENDING_IDEAS,0,NO,Run Idea Generator to fill 10 Ideas
Impossible Giant Machine,95,Wind Farm,Energy,FILLED (1/1),[BLANK - Pending Ideas],[BLANK - Needs 10 Ideas],BLANK (0/10),0/20 [BLANK],BLANK,BLANK,PENDING_IDEAS,0,NO,Run Idea Generator to fill 10 Ideas
Impossible Giant Machine,96,Tidal Energy,Energy,FILLED (1/1),[BLANK - Pending Ideas],[BLANK - Needs 10 Ideas],BLANK (0/10),0/20 [BLANK],BLANK,BLANK,PENDING_IDEAS,0,NO,Run Idea Generator to fill 10 Ideas
Impossible Giant Machine,97,Robot Swarm,Tech,FILLED (1/1),[BLANK - Pending Ideas],[BLANK - Needs 10 Ideas],BLANK (0/10),0/20 [BLANK],BLANK,BLANK,PENDING_IDEAS,0,NO,Run Idea Generator to fill 10 Ideas
Impossible Giant Machine,98,Artificial Intelligence,Tech,FILLED (1/1),[BLANK - Pending Ideas],[BLANK - Needs 10 Ideas],BLANK (0/10),0/20 [BLANK],BLANK,BLANK,PENDING_IDEAS,0,NO,Run Idea Generator to fill 10 Ideas
Impossible Giant Machine,99,Network / Web,Tech,FILLED (1/1),[BLANK - Pending Ideas],[BLANK - Needs 10 Ideas],BLANK (0/10),0/20 [BLANK],BLANK,BLANK,PENDING_IDEAS,0,NO,Run Idea Generator to fill 10 Ideas
Impossible Giant Machine,100,Infinite Loop / Self-Replicating System,Tech,FILLED (1/1),[BLANK - Pending Ideas],[BLANK - Needs 10 Ideas],BLANK (0/10),0/20 [BLANK],BLANK,BLANK,PENDING_IDEAS,0,NO,Run Idea Generator to fill 10 Ideas
